singer_id,A01 - Kak Kulla,A02 - Kak Tiara,A03 - Naim,A04 - Uut,A05 - Figur,A06 - omk,A07 - sartika,A08 - nabila,A09 - kk marya,A10 - joy,A11 - yaya,A12 - iffah,A13 - kk tania,A14 - insy,A15 - suri,A16 - teman teguh,B01 - teguh ,B02 - Abri,B03 - husain,B04 - faisal,B05 - zaky,B06 - renoview,B07 - randi,B08 - omk ,B09 - Ofel,B10 - Tio,B11 - Ebi,B12 - istar,B14 - Reyy,B15 - Okky,B16 - Emha,S01 - nata,S02 - marcia,S03 - tasya,S04 - kezia,S05 - mariata,S06 - Dewingga,S07 - Nanes,S08 - gracel,S09 - coach Tania ,S10 - kurnia,S11 - Mersya,S12 - tasa,S13 - tin,S14 - naya,S15 - Febri,S16 - Dethryc,T01 - aidil,T02 - dewa,T03 - caya,T04 - zaky,T05 - esau,T06 - Calvin ,T07 - julian,T08 - reno,T09 - omk,T10 - Syifaiz,T11 - fais,T12 - Ernest,T13 - Ilham,T14 - teman teguh,T15 - Agung,T16 - Atus omk
A01 - Kak Kulla,1.0000004,0.91545105,0.8838978,0.89901876,0.90043503,0.91601396,0.9011222,0.8952612,0.84451085,0.90131706,0.8473838,0.9073366,0.85742295,0.8811373,0.8814561,0.8677537,0.7134988,0.77867985,0.7535329,0.73460877,0.72268933,0.82910675,0.7908216,0.77494806,0.82315165,0.77255046,0.72177386,0.7475364,0.7294027,0.7504724,0.7139581,0.82038426,0.81734335,0.75377035,0.8119644,0.8718058,0.8354364,0.8190766,0.8546063,0.8027578,0.59981024,0.80805016,0.8151388,0.84569615,0.82638216,0.8307942,0.83343357,0.86786306,0.77829754,0.16688679,0.849708,0.8091738,0.8291647,0.8648852,0.81889147,0.8901129,0.8740211,0.8745915,0.858905,0.8162049,0.83392274,0.80592436,0.82397234
A02 - Kak Tiara,0.91545105,1.0000001,0.86537224,0.8764112,0.8726289,0.91160935,0.8732734,0.86720353,0.783414,0.93314654,0.85818136,0.9146662,0.8661844,0.8332273,0.8331562,0.86202294,0.69198334,0.73629296,0.75574595,0.6512801,0.66475254,0.811391,0.7696448,0.7073416,0.7843746,0.7179583,0.70399487,0.71256614,0.68657607,0.6901147,0.7143258,0.8112447,0.8010208,0.73956233,0.81060755,0.82636815,0.8068042,0.8028503,0.81553376,0.77046555,0.6408725,0.8385856,0.8090615,0.852112,0.7970851,0.82420295,0.8354512,0.84382015,0.8338854,0.17298344,0.8376308,0.82887405,0.83256197,0.859557,0.85291076,0.890686,0.87963766,0.8489437,0.83231825,0.77922654,0.873313,0.82931465,0.8650216
A03 - Naim,0.8838978,0.86537224,1.0,0.8842345,0.9042417,0.88284606,0.8715226,0.8705997,0.85758424,0.8774298,0.86900455,0.8808016,0.83722013,0.86066294,0.8716284,0.896646,0.6928711,0.77687615,0.7554239,0.71328676,0.72424334,0.80891323,0.75963587,0.72433376,0.77886194,0.73303264,0.7382555,0.7405679,0.7367063,0.7347602,0.7084892,0.8446374,0.8157846,0.7900549,0.83418566,0.8530668,0.818751,0.78972304,0.82841265,0.7586532,0.6577835,0.8314535,0.83275986,0.8390287,0.825404,0.8258671,0.8406393,0.8547234,0.7450722,0.20932434,0.8671193,0.80850536,0.83995384,0.85558665,0.8240122,0.85236955,0.8581534,0.86614937,0.85861295,0.8020386,0.8486918,0.83803827,0.84878707
A04 - Uut,0.89901876,0.8764112,0.8842345,1.0000002,0.90238523,0.88932556,0.9065401,0.9336771,0.84116834,0.92101985,0.8920556,0.9088313,0.8928273,0.9176255,0.9127825,0.931212,0.70643973,0.76567554,0.721322,0.74321204,0.69401133,0.83095443,0.7557819,0.7517265,0.7635205,0.7311979,0.71485585,0.76380515,0.71157765,0.7871022,0.6593469,0.8576555,0.8271364,0.7292506,0.82739437,0.9030857,0.8310672,0.8167629,0.8636712,0.8116574,0.5508006,0.8080558,0.8248049,0.8652849,0.8463371,0.8271434,0.8301742,0.83366966,0.72939384,0.0768261,0.8612033,0.7927168,0.8437949,0.8610026,0.7886877,0.87449294,0.87155515,0.86041653,0.87010294,0.7857657,0.82968223,0.77961236,0.805576
A05 - Figur,0.90043503,0.8726289,0.9042417,0.90238523,0.99999994,0.8760708,0.9031179,0.9063057,0.84952956,0.9024957,0.86596024,0.90415215,0.8934944,0.897598,0.91780007,0.89571583,0.74032795,0.7825501,0.7328211,0.7364531,0.71285504,0.8253385,0.7824849,0.73758024,0.7876313,0.73584926,0.71338516,0.74610054,0.70817,0.76550186,0.7223962,0.8535035,0.8444789,0.7633849,0.8559964,0.8994162,0.82675034,0.8198426,0.8416462,0.79267585,0.6304862,0.8243979,0.83864623,0.85147107,0.85847795,0.85029024,0.8440439,0.84757584,0.771292,0.15114842,0.87162596,0.805014,0.85662234,0.8821648,0.8291574,0.8554938,0.87768644,0.8833013,0.8741015,0.82622904,0.8587724,0.8215669,0.8391166
A06 - omk,0.91601396,0.91160935,0.88284606,0.88932556,0.8760708,1.0000001,0.88829887,0.8781494,0.84730667,0.9057826,0.8404752,0.8810664,0.80554616,0.86623096,0.85591596,0.8612,0.7039356,0.7608833,0.7744873,0.7248414,0.7200322,0.8076684,0.80621636,0.7792428,0.8414847,0.78083634,0.73830485,0.7724864,0.74047524,0.71539015,0.72110987,0.7921884,0.792744,0.7513879,0.8207397,0.84799314,0.79544926,0.81418127,0.84928596,0.80999,0.6305007,0.79581857,0.7996082,0.82545614,0.77623314,0.791567,0.798367,0.85078317,0.78341246,0.24149708,0.8341388,0.8004498,0.7941638,0.84798366,0.7992078,0.895749,0.8487532,0.865953,0.84150714,0.80876535,0.80896616,0.812964,0.82205325
A07 - sartika,0.9011222,0.8732734,0.8715226,0.9065401,0.9031179,0.88829887,1.0000001,0.9043734,0.8707847,0.9130902,0.84472793,0.9291643,0.85727423,0.9095482,0.8864104,0.8676139,0.7149109,0.7633518,0.7812273,0.7349785,0.7570222,0.8442662,0.7873834,0.75452554,0.8212311,0.74720037,0.72933424,0.7676694,0.7583033,0.75769776,0.7118837,0.81536776,0.80525374,0.77741855,0.8340047,0.88578176,0.81428456,0.8003446,0.832533,0.7904227,0.58464605,0.80385655,0.82861847,0.8342072,0.8092669,0.7944135,0.82325107,0.8735651,0.7424008,0.24414177,0.872307,0.8149482,0.8075816,0.8271361,0.7810992,0.8496013,0.89384377,0.879869,0.8671177,0.84410363,0.82455736,0.8217103,0.80411315
A08 - nabila,0.8952612,0.86720353,0.8705997,0.9336771,0.9063057,0.8781494,0.9043734,0.9999999,0.8583775,0.92185324,0.8324707,0.90789616,0.86419225,0.9425742,0.9319756,0.89358884,0.76855665,0.80215085,0.7595171,0.7995904,0.7210495,0.8783125,0.8255037,0.7864501,0.8004186,0.7897473,0.75933045,0.80391073,0.7355122,0.83383596,0.72131604,0.84088457,0.839833,0.7062759,0.8235475,0.91819674,0.8378709,0.8418471,0.87047225,0.84440994,0.5080216,0.7889543,0.8082496,0.8551812,0.8585714,0.8173312,0.8369882,0.834092,0.7127585,0.055173416,0.85932016,0.7908831,0.8379691,0.8824602,0.77725244,0.89163667,0.87435824,0.8618183,0.8847919,0.81023484,0.81154823,0.757802,0.7927619
A09 - kk marya,0.84451085,0.783414,0.85758424,0.84116834,0.84952956,0.84730667,0.8707847,0.8583775,0.99999976,0.8403038,0.7709691,0.85335505,0.7270771,0.8767253,0.8270096,0.8078771,0.744815,0.7833025,0.84901834,0.76778716,0.8495944,0.8005464,0.80951506,0.76820135,0.83036727,0.76768076,0.82642543,0.81178653,0.874124,0.742503,0.7442992,0.75187653,0.7188944,0.804325,0.8281652,0.86283696,0.75515735,0.7232966,0.781207,0.7130531,0.60851824,0.75449705,0.7647486,0.77466935,0.71047044,0.7301798,0.7627379,0.8899176,0.7041043,0.39599335,0.87477285,0.8323403,0.75995344,0.7967643,0.76309633,0.80605745,0.8572207,0.87554145,0.892156,0.8839644,0.77178997,0.8366024,0.77498513
A10 - joy,0.90131706,0.93314654,0.8774298,0.92101985,0.9024957,0.9057826,0.9130902,0.92185324,0.8403038,0.9999999,0.8700004,0.9404556,0.8720476,0.8897767,0.8920652,0.9093214,0.731191,0.7658372,0.76978266,0.71777445,0.7112995,0.8370313,0.7874336,0.7359864,0.797895,0.73817307,0.7385896,0.77099043,0.7294,0.75439006,0.723501,0.84451705,0.81937283,0.74562585,0.8226847,0.8741935,0.80925083,0.7936911,0.83030504,0.7790321,0.61304045,0.83541936,0.83060557,0.85703915,0.8213065,0.8182542,0.83892214,0.8649696,0.8023971,0.17118923,0.8877827,0.83911943,0.858663,0.87206274,0.8370446,0.8815488,0.9160615,0.894578,0.876876,0.81745327,0.87367976,0.83820015,0.8641837
A11 - yaya,0.8473838,0.85818136,0.86900455,0.8920556,0.86596024,0.8404752,0.84472793,0.8324707,0.7709691,0.8700004,0.9999998,0.8661994,0.86155903,0.8148202,0.79884017,0.9329781,0.6316959,0.7175597,0.69319,0.6286397,0.64608085,0.75917625,0.68092537,0.65488756,0.7260123,0.6694616,0.6793643,0.6688609,0.6598623,0.68715364,0.62197906,0.86516684,0.8016284,0.7908389,0.7774059,0.81971914,0.7961992,0.73576224,0.7728764,0.69979024,0.6554607,0.83400977,0.849784,0.8416841,0.78715265,0.8330148,0.82578665,0.80364436,0.75134563,0.16670792,0.8150098,0.8080947,0.83717513,0.8150833,0.8181675,0.80858624,0.82470423,0.80517113,0.79507494,0.73090315,0.8387721,0.8321842,0.8173992
A12 - iffah,0.9073366,0.9146662,0.8808016,0.9088313,0.90415215,0.8810664,0.9291643,0.90789616,0.85335505,0.9404556,0.8661994,1.0000005,0.8649597,0.892435,0.8663347,0.9011656,0.7460294,0.7893613,0.7892903,0.72520256,0.7585821,0.8262329,0.79586226,0.750357,0.81352574,0.75171906,0.74514556,0.7699558,0.75497615,0.7491128,0.74417233,0.8227509,0.81539124,0.80064315,0.82076806,0.8750372,0.83332646,0.776886,0.81657696,0.76123023,0.61789495,0.8293084,0.8269954,0.84653735,0.80701894,0.82763946,0.8437029,0.86334974,0.77191794,0.23776986,0.86744386,0.84028393,0.8422445,0.85180163,0.8348655,0.86557776,0.90736234,0.8783756,0.8659622,0.8286066,0.8498242,0.8435319,0.8396988
A13 - kk tania,0.85742295,0.8661844,0.83722013,0.8928273,0.8934944,0.80554616,0.85727423,0.86419225,0.7270771,0.8720476,0.86155903,0.8649597,1.0000005,0.8332737,0.8856853,0.867769,0.680829,0.717159,0.6338567,0.6767182,0.5991731,0.80171794,0.6943526,0.6831677,0.6993352,0.66028476,0.64021343,0.6859313,0.5898437,0.7587892,0.638343,0.8440083,0.8253869,0.69623387,0.7889073,0.853998,0.7916903,0.797254,0.7979148,0.7713314,0.5417839,0.79796267,0.8236667,0.8260888,0.86372447,0.83597493,0.82120603,0.77174664,0.7420647,0.003917049,0.8093847,0.7591292,0.8497944,0.8471335,0.7918675,0.817819,0.836426,0.8083787,0.8097524,0.7329523,0.8297252,0.7389046,0.8125321
A14 - insy,0.8811373,0.8332273,0.86066294,0.9176255,0.897598,0.86623096,0.9095482,0.9425742,0.8767253,0.8897767,0.8148202,0.892435,0.8332737,1.0,0.9220112,0.8899759,0.78380406,0.822709,0.7854406,0.8328336,0.7760212,0.8686737,0.82999575,0.81733215,0.8241965,0.82045764,0.7725213,0.8357134,0.7533055,0.85689694,0.74417824,0.83431983,0.82827795,0.7283298,0.8436374,0.933948,0.8528891,0.8521613,0.88178617,0.86008716,0.49592593,0.77649593,0.7996393,0.8583242,0.85623205,0.81290185,0.8192524,0.8483939,0.685737,0.10698424,0.85744005,0.7783885,0.81388783,0.8753982,0.75930196,0.8873146,0.8701964,0.8718794,0.9084573,0.84564984,0.7787188,0.76062864,0.76608634
A15 - suri,0.8814561,0.8331562,0.8716284,0.9127825,0.91780007,0.85591596,0.8864104,0.9319756,0.8270096,0.8920652,0.79884017,0.8663347,0.8856853,0.9220112,0.9999997,0.8713115,0.7411211,0.7809488,0.6838827,0.7853807,0.6875591,0.83905447,0.7873739,0.7659027,0.7553278,0.7439411,0.7081221,0.76790893,0.67039406,0.81024903,0.6928577,0.83498245,0.8475612,0.6755272,0.829186,0.904994,0.828956,0.8547087,0.866978,0.8549884,0.4996341,0.77728486,0.81743366,0.83015597,0.8851728,0.82987535,0.8225587,0.79569495,0.6871033,0.0055568507,0.84126955,0.74177235,0.8195385,0.8809029,0.75712705,0.86424583,0.8478316,0.8489868,0.8782433,0.8043914,0.7900149,0.7141124,0.77216953
A16 - teman teguh,0.8677537,0.86202294,0.896646,0.931212,0.89571583,0.8612,0.8676139,0.89358884,0.8078771,0.9093214,0.9329781,0.9011656,0.867769,0.8899759,0.8713115,0.9999998,0.66600376,0.74325264,0.7024941,0.6929925,0.6748263,0.792986,0.72301435,0.69806504,0.7414319,0.71331143,0.68916893,0.7272805,0.66750515,0.7555102,0.64636534,0.8686239,0.8268064,0.74789447,0.7969623,0.8705672,0.82849485,0.7859343,0.83242315,0.76380634,0.5765054,0.82667655,0.82515544,0.8672327,0.8342133,0.8421084,0.8377381,0.8198377,0.7232908,0.09013051,0.84124637,0.7870003,0.8340352,0.856313,0.7968216,0.8428108,0.8548887,0.838734,0.83293,0.765922,0.8391483,0.7872058,0.8074935
B01 - teguh ,0.7134988,0.69198334,0.6928711,0.70643973,0.74032795,0.7039356,0.7149109,0.76855665,0.744815,0.731191,0.6316959,0.7460294,0.680829,0.78380406,0.7411211,0.66600376,1.0000004,0.8668862,0.7999063,0.89411086,0.82944924,0.8303637,0.8452269,0.8257837,0.83183944,0.84454626,0.8650934,0.8796154,0.7946645,0.868268,0.8861573,0.6746546,0.67159265,0.67048115,0.7463746,0.79068935,0.6959915,0.6822503,0.7170253,0.6881433,0.47932473,0.6421302,0.69016737,0.67642814,0.69623107,0.6619199,0.68498814,0.7337872,0.7007759,0.25242674,0.74953973,0.70539093,0.73791605,0.7460896,0.7198179,0.76392317,0.7386662,0.76596624,0.82010007,0.78713125,0.65655315,0.71026784,0.71569043
B02 - Abri,0.77867985,0.73629296,0.77687615,0.76567554,0.7825501,0.7608833,0.7633518,0.80215085,0.7833025,0.7658372,0.7175597,0.7893613,0.717159,0.822709,0.7809488,0.74325264,0.8668862,1.0000006,0.7834131,0.9121805,0.8408922,0.85243326,0.85780096,0.83408856,0.86709875,0.8725567,0.84244233,0.85344684,0.77590346,0.8697611,0.83911383,0.7357369,0.7461377,0.74612445,0.74468863,0.81627375,0.76845455,0.7238562,0.7666905,0.74358517,0.5070096,0.7044714,0.72976166,0.7418505,0.760647,0.7358292,0.7195084,0.7905776,0.71302176,0.17321233,0.77824485,0.7523536,0.80815387,0.8224314,0.79944617,0.80560184,0.7856178,0.81822467,0.84460926,0.7679761,0.71554244,0.76200694,0.7583304
B03 - husain,0.7535329,0.75574595,0.7554239,0.721322,0.7328211,0.7744873,0.7812273,0.7595171,0.84901834,0.76978266,0.69319,0.7892903,0.6338567,0.7854406,0.6838827,0.7024941,0.7999063,0.7834131,1.0000004,0.73882776,0.8568225,0.8273497,0.82923496,0.76013494,0.85508025,0.7903937,0.8646479,0.86061054,0.89142334,0.7417821,0.8389563,0.69734263,0.64286757,0.757643,0.78031623,0.7755839,0.70484644,0.65555423,0.69688135,0.6509048,0.5792355,0.70585424,0.70086527,0.7239486,0.6323615,0.64533937,0.717812,0.81988025,0.6864486,0.48593575,0.78891885,0.80664885,0.6825107,0.69904065,0.7194691,0.7596385,0.7800582,0.7917922,0.8360943,0.84216255,0.6730805,0.82559925,0.7425308
B04 - faisal,0.73460877,0.6512801,0.71328676,0.74321204,0.7364531,0.7248414,0.7349785,0.7995904,0.76778716,0.71777445,0.6286397,0.72520256,0.6767182,0.8328336,0.7853807,0.6929925,0.89411086,0.9121805,0.73882776,1.0000002,0.82862306,0.8248645,0.8531438,0.8652251,0.84695095,0.878723,0.8501445,0.88368565,0.752705,0.925231,0.8089628,0.6862681,0.69385874,0.6518064,0.73085445,0.818143,0.7217236,0.7244268,0.76552105,0.75534034,0.39755225,0.6121749,0.66191596,0.686845,0.73409516,0.66882664,0.6631375,0.7534529,0.64488024,0.12559535,0.75598204,0.68540025,0.74426883,0.78751004,0.6930901,0.7779553,0.73520553,0.78753966,0.8218809,0.7651554,0.64520186,0.66021234,0.6781616
B05 - zaky,0.72268933,0.66475254,0.72424334,0.69401133,0.71285504,0.7200322,0.7570222,0.7210495,0.8495944,0.7112995,0.64608085,0.7585821,0.5991731,0.7760212,0.6875591,0.6748263,0.82944924,0.8408922,0.8568225,0.82862306,0.99999994,0.7762442,0.80959004,0.78327435,0.86215466,0.7947396,0.8811188,0.86318094,0.913479,0.7828342,0.82692134,0.6409801,0.63095385,0.7963422,0.7654195,0.7730545,0.6973282,0.6251835,0.6835761,0.6281691,0.54187477,0.6632562,0.6773974,0.67397225,0.6188395,0.6459635,0.65711623,0.8025628,0.6323729,0.5027539,0.76396,0.7669686,0.6620968,0.6825792,0.6806047,0.7114566,0.7521948,0.7764348,0.82084405,0.864292,0.6304769,0.77290297,0.6698334
B06 - renoview,0.82910675,0.811391,0.80891323,0.83095443,0.8253385,0.8076684,0.8442662,0.8783125,0.8005464,0.8370313,0.75917625,0.8262329,0.80171794,0.8686737,0.83905447,0.792986,0.8303637,0.85243326,0.8273497,0.8248645,0.7762442,0.99999976,0.8375711,0.8113667,0.8638422,0.8139908,0.80977166,0.8580742,0.7667989,0.8802925,0.8182805,0.7507045,0.7592203,0.682549,0.7546191,0.8557149,0.7603767,0.76212066,0.7836683,0.7813566,0.44291198,0.7028737,0.741312,0.76164925,0.79921234,0.73410547,0.7439101,0.7995463,0.6985773,0.14773147,0.7932267,0.7545507,0.78175116,0.8159777,0.7519673,0.84122247,0.81342185,0.8174796,0.8698149,0.80919194,0.7148474,0.7549481,0.76553506
B07 - randi,0.7908216,0.7696448,0.75963587,0.7557819,0.7824849,0.80621636,0.7873834,0.8255037,0.80951506,0.7874336,0.68092537,0.79586226,0.6943526,0.82999575,0.7873739,0.72301435,0.8452269,0.85780096,0.82923496,0.8531438,0.80959004,0.8375711,1.0000001,0.8372571,0.9062286,0.83451086,0.8340471,0.86473095,0.81184846,0.8341293,0.8756282,0.7252645,0.72356933,0.73068523,0.76672375,0.8052039,0.74606645,0.76266754,0.78870136,0.7937004,0.5303207,0.72199625,0.7223397,0.74587774,0.73396826,0.7020758,0.735026,0.79438865,0.6881092,0.24921282,0.77285177,0.74552566,0.7346508,0.8078506,0.7339087,0.82294476,0.7672223,0.79231495,0.85139257,0.80805093,0.6887358,0.7425643,0.74484354
B08 - omk ,0.77494806,0.7073416,0.72433376,0.7517265,0.73758024,0.7792428,0.75452554,0.7864501,0.76820135,0.7359864,0.65488756,0.750357,0.6831677,0.81733215,0.7659027,0.69806504,0.8257837,0.83408856,0.76013494,0.8652251,0.78327435,0.8113667,0.8372571,0.9999997,0.83973134,0.88076514,0.83021647,0.86096954,0.7581277,0.8549329,0.7875333,0.6910682,0.67573065,0.6690043,0.7137463,0.80582875,0.71436346,0.70307165,0.7677882,0.7566277,0.41204163,0.6264558,0.6822563,0.6836544,0.7063275,0.65532404,0.66933835,0.7513082,0.66939986,0.17593177,0.7093235,0.67578804,0.69064814,0.7514389,0.73426074,0.7977121,0.7143261,0.76280653,0.81795657,0.7732661,0.62019503,0.6808299,0.672136
B09 - Ofel,0.82315165,0.7843746,0.77886194,0.7635205,0.7876313,0.8414847,0.8212311,0.8004186,0.83036727,0.797895,0.7260123,0.81352574,0.6993352,0.8241965,0.7553278,0.7414319,0.83183944,0.86709875,0.85508025,0.84695095,0.86215466,0.8638422,0.9062286,0.83973134,1.0000004,0.8617258,0.8544826,0.8556969,0.8404945,0.81642014,0.86761564,0.7090125,0.7103995,0.75450855,0.7579032,0.80148333,0.7339009,0.7224408,0.77296865,0.73230237,0.5550426,0.69706726,0.7264355,0.7314364,0.7098915,0.6964028,0.7164304,0.8284866,0.7492076,0.34808296,0.78807396,0.77473605,0.7450578,0.7880131,0.7493985,0.82421,0.8026353,0.8355326,0.84274006,0.8376954,0.70581126,0.80615646,0.76011467
B10 - Tio,0.77255046,0.7179583,0.73303264,0.7311979,0.73584926,0.78083634,0.74720037,0.7897473,0.76768076,0.73817307,0.6694616,0.75171906,0.66028476,0.82045764,0.7439411,0.71331143,0.84454626,0.8725567,0.7903937,0.878723,0.7947396,0.8139908,0.83451086,0.88076514,0.8617258,0.9999998,0.8524864,0.8394521,0.76075184,0.8381982,0.79292715,0.7266362,0.68569565,0.6961768,0.720934,0.8037925,0.7294325,0.70171404,0.7599714,0.736664,0.49444082,0.6458212,0.67873985,0.71135265,0.70851564,0.67869747,0.69156045,0.7881256,0.7074282,0.21114549,0.7424683,0.73593223,0.7474072,0.78834933,0.75019455,0.8307649,0.75198275,0.8008713,0.80497414,0.75280344,0.67741674,0.7203593,0.7274226
B11 - Ebi,0.72177386,0.70399487,0.7382555,0.71485585,0.71338516,0.73830485,0.72933424,0.75933045,0.82642543,0.7385896,0.6793643,0.74514556,0.64021343,0.7725213,0.7081221,0.68916893,0.8650934,0.84244233,0.8646479,0.8501445,0.8811188,0.80977166,0.8340471,0.83021647,0.8544826,0.8524864,1.0000002,0.86917156,0.8745914,0.8178084,0.8421248,0.6952176,0.648836,0.7554902,0.7808803,0.7845518,0.7002554,0.6590154,0.7113989,0.6654787,0.543457,0.6767131,0.7038294,0.7000641,0.64889306,0.657313,0.694276,0.80319226,0.7178792,0.3779324,0.77798223,0.8025998,0.7165984,0.72440094,0.74708533,0.7637502,0.75383896,0.78550375,0.8346932,0.8319061,0.66998667,0.77969885,0.7418562
B12 - istar,0.7475364,0.71256614,0.7405679,0.76380515,0.74610054,0.7724864,0.7676694,0.80391073,0.81178653,0.77099043,0.6688609,0.7699558,0.6859313,0.8357134,0.76790893,0.7272805,0.8796154,0.85344684,0.86061054,0.88368565,0.86318094,0.8580742,0.86473095,0.86096954,0.8556969,0.8394521,0.86917156,1.0000001,0.82666093,0.8821845,0.83996665,0.69894624,0.6731622,0.69430155,0.7650688,0.83911353,0.7140955,0.7158475,0.7411807,0.7319439,0.44739485,0.6706487,0.6941325,0.71688503,0.69666594,0.66218406,0.6793387,0.76981205,0.62588644,0.28848937,0.75955665,0.7359243,0.71060884,0.76157624,0.6866944,0.77677655,0.74359417,0.76973766,0.85303175,0.8350058,0.62697124,0.7156791,0.67362225
B14 - Reyy,0.7294027,0.68657607,0.7367063,0.71157765,0.70817,0.74047524,0.7583033,0.7355122,0.874124,0.7294,0.6598623,0.75497615,0.5898437,0.7533055,0.67039406,0.66750515,0.7946645,0.77590346,0.89142334,0.752705,0.913479,0.7667989,0.81184846,0.7581277,0.8404945,0.76075184,0.8745914,0.82666093,1.0000001,0.7233328,0.806381,0.6578659,0.5904384,0.7727577,0.7630342,0.761733,0.67336535,0.6055473,0.67192733,0.6035977,0.56053185,0.6744792,0.68092686,0.6703998,0.5906745,0.6099837,0.6641746,0.8076216,0.65234214,0.5283699,0.78413033,0.78710634,0.6583919,0.6766783,0.6928239,0.72134954,0.7549385,0.7815074,0.82224387,0.8581027,0.64189917,0.82122916,0.7067967
B15 - Okky,0.7504724,0.6901147,0.7347602,0.7871022,0.76550186,0.71539015,0.75769776,0.83383596,0.742503,0.75439006,0.68715364,0.7491128,0.7587892,0.85689694,0.81024903,0.7555102,0.868268,0.8697611,0.7417821,0.925231,0.7828342,0.8802925,0.8341293,0.8549329,0.81642014,0.8381982,0.8178084,0.8821845,0.7233328,0.9999999,0.79115784,0.74719554,0.71933615,0.62659144,0.7306431,0.8511091,0.7378956,0.73544663,0.7670068,0.7711869,0.3609695,0.6305336,0.6923604,0.7263003,0.7805081,0.6917028,0.69069225,0.7425593,0.6193028,0.04232921,0.74763334,0.6863947,0.77052426,0.80265474,0.7002162,0.7923727,0.7424514,0.77001643,0.8303788,0.76124126,0.6566914,0.662501,0.6850219
B16 - Emha,0.7139581,0.7143258,0.7084892,0.6593469,0.7223962,0.72110987,0.7118837,0.72131604,0.7442992,0.723501,0.62197906,0.74417233,0.638343,0.74417824,0.6928577,0.64636534,0.8861573,0.83911383,0.8389563,0.8089628,0.82692134,0.8182805,0.8756282,0.7875333,0.86761564,0.79292715,0.8421248,0.83996665,0.806381,0.79115784,1.0000001,0.6349501,0.6608936,0.6979937,0.7156024,0.7297016,0.6699019,0.674499,0.6927616,0.6719943,0.5117089,0.66186965,0.67052835,0.66699153,0.6394254,0.6472374,0.6658334,0.75672597,0.7159315,0.33496976,0.72320664,0.72405547,0.6763821,0.7179476,0.71143395,0.74492425,0.73571193,0.7545431,0.8070317,0.81009686,0.6398413,0.7373461,0.7180368
S01 - nata,0.82038426,0.8112447,0.8446374,0.8576555,0.8535035,0.7921884,0.81536776,0.84088457,0.75187653,0.84451705,0.86516684,0.8227509,0.8440083,0.83431983,0.83498245,0.8686239,0.6746546,0.7357369,0.69734263,0.6862681,0.6409801,0.7507045,0.7252645,0.6910682,0.7090125,0.7266362,0.6952176,0.69894624,0.6578659,0.74719554,0.6349501,1.0000001,0.87951404,0.7682089,0.8576844,0.8622064,0.8918965,0.8376116,0.86948717,0.81569415,0.7040946,0.8826686,0.9166154,0.92014784,0.9054601,0.8872576,0.91697365,0.78083414,0.7018123,0.048451748,0.8281166,0.7619802,0.83063257,0.8353095,0.7938096,0.8162097,0.8115783,0.8081449,0.815148,0.7132528,0.8107346,0.7596221,0.8042301
S02 - marcia,0.81734335,0.8010208,0.8157846,0.8271364,0.8444789,0.792744,0.80525374,0.839833,0.7188944,0.81937283,0.8016284,0.81539124,0.8253869,0.82827795,0.8475612,0.8268064,0.67159265,0.7461377,0.64286757,0.69385874,0.63095385,0.7592203,0.72356933,0.67573065,0.7103995,0.68569565,0.648836,0.6731622,0.5904384,0.71933615,0.6608936,0.87951404,1.0000001,0.76831806,0.86286324,0.82681566,0.9307774,0.91448873,0.9042229,0.89183795,0.6562428,0.89102226,0.90872496,0.927077,0.9362453,0.9471822,0.91492003,0.73041224,0.6604602,-0.0023511865,0.75634676,0.6885962,0.7748809,0.8262489,0.759586,0.8076933,0.79102576,0.76327884,0.79091024,0.6901143,0.766826,0.6729791,0.7640887
S03 - tasya,0.75377035,0.73956233,0.7900549,0.7292506,0.7633849,0.7513879,0.77741855,0.7062759,0.804325,0.74562585,0.7908389,0.80064315,0.69623387,0.7283298,0.6755272,0.74789447,0.67048115,0.74612445,0.757643,0.6518064,0.7963422,0.682549,0.73068523,0.6690043,0.75450855,0.6961768,0.7554902,0.69430155,0.7727577,0.62659144,0.6979937,0.7682089,0.76831806,1.0000001,0.81940585,0.7626698,0.80920583,0.6995792,0.7418065,0.66373545,0.7850925,0.8537064,0.82621,0.7997842,0.7109826,0.8148559,0.8060467,0.7940568,0.6687596,0.459587,0.757096,0.7883242,0.7097801,0.7045507,0.78603697,0.7020948,0.77385217,0.7612033,0.7775773,0.7645038,0.73943615,0.8279025,0.752761
S04 - kezia,0.8119644,0.81060755,0.83418566,0.82739437,0.8559964,0.8207397,0.8340047,0.8235475,0.8281652,0.8226847,0.7774059,0.82076806,0.7889073,0.8436374,0.829186,0.7969623,0.7463746,0.74468863,0.78031623,0.73085445,0.7654195,0.7546191,0.76672375,0.7137463,0.7579032,0.720934,0.7808803,0.7650688,0.7630342,0.7306431,0.7156024,0.8576844,0.86286324,0.81940585,0.9999998,0.8846078,0.88984376,0.8690829,0.86915827,0.8415053,0.71224016,0.8770033,0.8887381,0.9100321,0.85314095,0.8775266,0.87440264,0.7985213,0.71008176,0.24474342,0.83215666,0.7819555,0.76081645,0.8082941,0.76980263,0.8074604,0.8064356,0.8154552,0.8636077,0.8171988,0.7808098,0.78783125,0.7903336
S05 - mariata,0.8718058,0.82636815,0.8530668,0.9030857,0.8994162,0.84799314,0.88578176,0.91819674,0.86283696,0.8741935,0.81971914,0.8750372,0.853998,0.933948,0.904994,0.8705672,0.79068935,0.81627375,0.7755839,0.818143,0.7730545,0.8557149,0.8052039,0.80582875,0.80148333,0.8037925,0.7845518,0.83911353,0.761733,0.8511091,0.7297016,0.8622064,0.82681566,0.7626698,0.8846078,1.0,0.8564649,0.8454848,0.88205385,0.841744,0.54185694,0.7952039,0.84187055,0.87230915,0.86430764,0.8398264,0.8375094,0.8335012,0.6964221,0.11346254,0.8483413,0.7974047,0.82306904,0.87737095,0.7842961,0.8672853,0.8439187,0.86151737,0.9026409,0.84275323,0.78497964,0.77623975,0.77659416
S06 - Dewingga,0.8354364,0.8068042,0.818751,0.8310672,0.82675034,0.79544926,0.81428456,0.8378709,0.75515735,0.80925083,0.7961992,0.83332646,0.7916903,0.8528891,0.828956,0.82849485,0.6959915,0.76845455,0.70484644,0.7217236,0.6973282,0.7603767,0.74606645,0.71436346,0.7339009,0.7294325,0.7002554,0.7140955,0.67336535,0.7378956,0.6699019,0.8918965,0.9307774,0.80920583,0.88984376,0.8564649,0.9999999,0.9050969,0.9226444,0.88528717,0.67385834,0.8958748,0.90075034,0.93628436,0.9223463,0.94975656,0.9296816,0.771968,0.66756874,0.09147536,0.7890121,0.7170678,0.7729359,0.8256173,0.76834947,0.8316798,0.7927198,0.78648794,0.8118465,0.7358259,0.7632523,0.71679616,0.7531044
S07 - Nanes,0.8190766,0.8028503,0.78972304,0.8167629,0.8198426,0.81418127,0.8003446,0.8418471,0.7232966,0.7936911,0.73576224,0.776886,0.797254,0.8521613,0.8547087,0.7859343,0.6822503,0.7238562,0.65555423,0.7244268,0.6251835,0.76212066,0.76266754,0.70307165,0.7224408,0.70171404,0.6590154,0.7158475,0.6055473,0.73544663,0.674499,0.8376116,0.91448873,0.6995792,0.8690829,0.8454848,0.9050969,0.9999997,0.9298685,0.94882786,0.57340837,0.8512196,0.8582462,0.9110216,0.9039889,0.8937286,0.88084227,0.7161176,0.6387425,-0.03631768,0.7359115,0.66329324,0.7225454,0.82511693,0.70461166,0.8246759,0.74327296,0.7412928,0.80398905,0.7248203,0.7110287,0.6202397,0.70902663
S08 - gracel,0.8546063,0.81553376,0.82841265,0.8636712,0.8416462,0.84928596,0.832533,0.87047225,0.781207,0.83030504,0.7728764,0.81657696,0.7979148,0.88178617,0.866978,0.83242315,0.7170253,0.7666905,0.69688135,0.76552105,0.6835761,0.7836683,0.78870136,0.7677882,0.77296865,0.7599714,0.7113989,0.7411807,0.67192733,0.7670068,0.6927616,0.86948717,0.9042229,0.7418065,0.86915827,0.88205385,0.9226444,0.9298685,1.0000005,0.92264503,0.59920365,0.8509979,0.86675507,0.90954465,0.90742254,0.8912377,0.88636965,0.78669673,0.69203126,0.013000821,0.8015818,0.71807885,0.7668467,0.8502642,0.75650996,0.8700495,0.7930643,0.8119666,0.83110607,0.7514112,0.76192427,0.680318,0.7562441
S09 - coach Tania ,0.8027578,0.77046555,0.7586532,0.8116574,0.79267585,0.80999,0.7904227,0.84440994,0.7130531,0.7790321,0.69979024,0.76123023,0.7713314,0.86008716,0.8549884,0.76380634,0.6881433,0.74358517,0.6509048,0.75534034,0.6281691,0.7813566,0.7937004,0.7566277,0.73230237,0.736664,0.6654787,0.7319439,0.6035977,0.7711869,0.6719943,0.81569415,0.89183795,0.66373545,0.8415053,0.841744,0.88528717,0.94882786,0.92264503,1.0000001,0.4922502,0.7948276,0.83002996,0.87459224,0.89222854,0.8554919,0.8384036,0.69990313,0.60323197,-0.0664392,0.719826,0.64095813,0.70131344,0.81704277,0.69068664,0.8260239,0.7191991,0.7291755,0.79601383,0.7094366,0.6647792,0.5914882,0.68732566
S10 - kurnia,0.59981024,0.6408725,0.6577835,0.5508006,0.6304862,0.6305007,0.58464605,0.5080216,0.60851824,0.61304045,0.6554607,0.61789495,0.5417839,0.49592593,0.4996341,0.5765054,0.47932473,0.5070096,0.5792355,0.39755225,0.54187477,0.44291198,0.5303207,0.41204163,0.5550426,0.49444082,0.543457,0.44739485,0.56053185,0.3609695,0.5117089,0.7040946,0.6562428,0.7850925,0.71224016,0.54185694,0.67385834,0.57340837,0.59920365,0.4922502,1.0000001,0.7871809,0.74268097,0.7138189,0.5908903,0.7074471,0.72559416,0.64865327,0.64246655,0.45295948,0.6428758,0.6543166,0.5934975,0.5624156,0.66742903,0.5577516,0.641768,0.63460296,0.55247384,0.548574,0.69077504,0.7239566,0.6841552
S11 - Mersya,0.80805016,0.8385856,0.8314535,0.8080558,0.8243979,0.79581857,0.80385655,0.7889543,0.75449705,0.83541936,0.83400977,0.8293084,0.79796267,0.77649593,0.77728486,0.82667655,0.6421302,0.7044714,0.70585424,0.6121749,0.6632562,0.7028737,0.72199625,0.6264558,0.69706726,0.6458212,0.6767131,0.6706487,0.6744792,0.6305336,0.66186965,0.8826686,0.89102226,0.8537064,0.8770033,0.7952039,0.8958748,0.8512196,0.8509979,0.7948276,0.7871809,1.0,0.9139791,0.924044,0.857919,0.9055209,0.9238863,0.7728482,0.69577444,0.19284053,0.78417283,0.7612756,0.75969696,0.7982988,0.7890588,0.7742724,0.80679834,0.76951617,0.79293007,0.71256423,0.8060103,0.76850444,0.7854829
S12 - tasa,0.8151388,0.8090615,0.83275986,0.8248049,0.83864623,0.7996082,0.82861847,0.8082496,0.7647486,0.83060557,0.849784,0.8269954,0.8236667,0.7996393,0.81743366,0.82515544,0.69016737,0.72976166,0.70086527,0.66191596,0.6773974,0.741312,0.7223397,0.6822563,0.7264355,0.67873985,0.7038294,0.6941325,0.68092686,0.6923604,0.67052835,0.9166154,0.90872496,0.82621,0.8887381,0.84187055,0.90075034,0.8582462,0.86675507,0.83002996,0.74268097,0.9139791,1.0000002,0.92122656,0.88720703,0.92236495,0.9157528,0.7729482,0.7165182,0.13821694,0.8019943,0.75851387,0.79459023,0.80742735,0.7977717,0.7875306,0.8064597,0.7923864,0.8071972,0.7574402,0.7860035,0.7682028,0.80604404
S13 - tin,0.84569615,0.852112,0.8390287,0.8652849,0.85147107,0.82545614,0.8342072,0.8551812,0.77466935,0.85703915,0.8416841,0.84653735,0.8260888,0.8583242,0.83015597,0.8672327,0.67642814,0.7418505,0.7239486,0.686845,0.67397225,0.76164925,0.74587774,0.6836544,0.7314364,0.71135265,0.7000641,0.71688503,0.6703998,0.7263003,0.66699153,0.92014784,0.927077,0.7997842,0.9100321,0.87230915,0.93628436,0.9110216,0.90954465,0.87459224,0.7138189,0.924044,0.92122656,0.9999998,0.9062636,0.92863256,0.9190159,0.7967383,0.7103722,0.081639595,0.80618525,0.77455986,0.800425,0.8449246,0.78878385,0.8371897,0.81594443,0.80605793,0.82905966,0.74051744,0.8040495,0.7518754,0.80612445
S14 - naya,0.82638216,0.7970851,0.825404,0.8463371,0.85847795,0.77623314,0.8092669,0.8585714,0.71047044,0.8213065,0.78715265,0.80701894,0.86372447,0.85623205,0.8851728,0.8342133,0.69623107,0.760647,0.6323615,0.73409516,0.6188395,0.79921234,0.73396826,0.7063275,0.7098915,0.70851564,0.64889306,0.69666594,0.5906745,0.7805081,0.6394254,0.9054601,0.9362453,0.7109826,0.85314095,0.86430764,0.9223463,0.9039889,0.90742254,0.89222854,0.5908903,0.857919,0.88720703,0.9062636,1.0000001,0.9228592,0.9100981,0.7278686,0.6577317,-0.0785226,0.78692734,0.67571557,0.80604196,0.84951055,0.75843287,0.8248166,0.7870873,0.7877607,0.8190703,0.6984908,0.77188283,0.67724603,0.7601617
S15 - Febri,0.8307942,0.82420295,0.8258671,0.8271434,0.85029024,0.791567,0.7944135,0.8173312,0.7301798,0.8182542,0.8330148,0.82763946,0.83597493,0.81290185,0.82987535,0.8421084,0.6619199,0.7358292,0.64533937,0.66882664,0.6459635,0.73410547,0.7020758,0.65532404,0.6964028,0.67869747,0.657313,0.66218406,0.6099837,0.6917028,0.6472374,0.8872576,0.9471822,0.8148559,0.8775266,0.8398264,0.94975656,0.8937286,0.8912377,0.8554919,0.7074471,0.9055209,0.92236495,0.92863256,0.9228592,1.0000002,0.92667305,0.7483398,0.70584154,0.059630007,0.7708764,0.7198931,0.7884366,0.8285913,0.7951113,0.8115612,0.7903258,0.77393746,0.7890286,0.7127186,0.7950602,0.73023957,0.78198475
S16 - Dethryc,0.83343357,0.8354512,0.8406393,0.8301742,0.8440439,0.798367,0.82325107,0.8369882,0.7627379,0.83892214,0.82578665,0.8437029,0.82120603,0.8192524,0.8225587,0.8377381,0.68498814,0.7195084,0.717812,0.6631375,0.65711623,0.7439101,0.735026,0.66933835,0.7164304,0.69156045,0.694276,0.6793387,0.6641746,0.69069225,0.6658334,0.91697365,0.91492003,0.8060467,0.87440264,0.8375094,0.9296816,0.88084227,0.88636965,0.8384036,0.72559416,0.9238863,0.9157528,0.9190159,0.9100981,0.92667305,0.99999994,0.7770741,0.70617944,0.11439177,0.81607103,0.74259514,0.79887486,0.81632,0.7910301,0.8163069,0.81499195,0.78655916,0.8113425,0.7290745,0.81386614,0.74626553,0.79107696
T01 - aidil,0.86786306,0.84382015,0.8547234,0.83366966,0.84757584,0.85078317,0.8735651,0.834092,0.8899176,0.8649696,0.80364436,0.86334974,0.77174664,0.8483939,0.79569495,0.8198377,0.7337872,0.7905776,0.81988025,0.7534529,0.8025628,0.7995463,0.79438865,0.7513082,0.8284866,0.7881256,0.80319226,0.76981205,0.8076216,0.7425593,0.75672597,0.78083414,0.73041224,0.7940568,0.7985213,0.8335012,0.771968,0.7161176,0.78669673,0.69990313,0.64865327,0.7728482,0.7729482,0.7967383,0.7278686,0.7483398,0.7770741,0.9999999,0.83728105,0.31968483,0.9270421,0.908279,0.8473866,0.85743266,0.82928705,0.8593164,0.9203331,0.9368626,0.88235474,0.8715101,0.8730074,0.8711581,0.88006485
T02 - dewa,0.77829754,0.8338854,0.7450722,0.72939384,0.771292,0.78341246,0.7424008,0.7127585,0.7041043,0.8023971,0.75134563,0.77191794,0.7420647,0.685737,0.6871033,0.7232908,0.7007759,0.71302176,0.6864486,0.64488024,0.6323729,0.6985773,0.6881092,0.66939986,0.7492076,0.7074282,0.7178792,0.62588644,0.65234214,0.6193028,0.7159315,0.7018123,0.6604602,0.6687596,0.71008176,0.6964221,0.66756874,0.6387425,0.69203126,0.60323197,0.64246655,0.69577444,0.7165182,0.7103722,0.6577317,0.70584154,0.70617944,0.83728105,0.99999964,0.25176185,0.82217795,0.8090354,0.8217922,0.7736234,0.8503134,0.80771756,0.8359846,0.85236496,0.7624006,0.7625064,0.85427535,0.8240326,0.8839237
T03 - caya,0.16688679,0.17298344,0.20932434,0.0768261,0.15114842,0.24149708,0.24414177,0.055173416,0.39599335,0.17118923,0.16670792,0.23776986,0.003917049,0.10698424,0.0055568507,0.09013051,0.25242674,0.17321233,0.48593575,0.12559535,0.5027539,0.14773147,0.24921282,0.17593177,0.34808296,0.21114549,0.3779324,0.28848937,0.5283699,0.04232921,0.33496976,0.048451748,-0.0023511865,0.459587,0.24474342,0.11346254,0.09147536,-0.03631768,0.013000821,-0.0664392,0.45295948,0.19284053,0.13821694,0.081639595,-0.0785226,0.059630007,0.11439177,0.31968483,0.25176185,1.0,0.26088393,0.3515507,0.07108681,0.015505647,0.22282052,0.113848835,0.2508875,0.2567397,0.21260877,0.38099456,0.17843333,0.46673054,0.21574578
T04 - zaky,0.849708,0.8376308,0.8671193,0.8612033,0.87162596,0.8341388,0.872307,0.85932016,0.87477285,0.8877827,0.8150098,0.86744386,0.8093847,0.85744005,0.84126955,0.84124637,0.74953973,0.77824485,0.78891885,0.75598204,0.76396,0.7932267,0.77285177,0.7093235,0.78807396,0.7424683,0.77798223,0.75955665,0.78413033,0.74763334,0.72320664,0.8281166,0.75634676,0.757096,0.83215666,0.8483413,0.7890121,0.7359115,0.8015818,0.719826,0.6428758,0.78417283,0.8019943,0.80618525,0.78692734,0.7708764,0.81607103,0.9270421,0.82217795,0.26088393,0.99999976,0.88331664,0.88513654,0.85501236,0.8347809,0.85517186,0.92718583,0.9425588,0.89150625,0.8549914,0.89655477,0.860298,0.8876461
T05 - esau,0.8091738,0.82887405,0.80850536,0.7927168,0.805014,0.8004498,0.8149482,0.7908831,0.8323403,0.83911943,0.8080947,0.84028393,0.7591292,0.7783885,0.74177235,0.7870003,0.70539093,0.7523536,0.80664885,0.68540025,0.7669686,0.7545507,0.74552566,0.67578804,0.77473605,0.73593223,0.8025998,0.7359243,0.78710634,0.6863947,0.72405547,0.7619802,0.6885962,0.7883242,0.7819555,0.7974047,0.7170678,0.66329324,0.71807885,0.64095813,0.6543166,0.7612756,0.75851387,0.77455986,0.67571557,0.7198931,0.74259514,0.908279,0.8090354,0.3515507,0.88331664,0.99999994,0.8254692,0.79145414,0.8250269,0.80109775,0.87671804,0.88534313,0.83081156,0.8391737,0.8372746,0.87058103,0.85384715
T06 - Calvin ,0.8291647,0.83256197,0.83995384,0.8437949,0.85662234,0.7941638,0.8075816,0.8379691,0.75995344,0.858663,0.83717513,0.8422445,0.8497944,0.81388783,0.8195385,0.8340352,0.73791605,0.80815387,0.6825107,0.74426883,0.6620968,0.78175116,0.7346508,0.69064814,0.7450578,0.7474072,0.7165984,0.71060884,0.6583919,0.77052426,0.6763821,0.83063257,0.7748809,0.7097801,0.76081645,0.82306904,0.7729359,0.7225454,0.7668467,0.70131344,0.5934975,0.75969696,0.79459023,0.800425,0.80604196,0.7884366,0.79887486,0.8473866,0.8217922,0.07108681,0.88513654,0.8254692,1.0000001,0.9150178,0.8720159,0.8508636,0.87873614,0.885776,0.833357,0.7545653,0.904987,0.8019105,0.8952453
T07 - julian,0.8648852,0.859557,0.85558665,0.8610026,0.8821648,0.84798366,0.8271361,0.8824602,0.7967643,0.87206274,0.8150833,0.85180163,0.8471335,0.8753982,0.8809029,0.856313,0.7460896,0.8224314,0.69904065,0.78751004,0.6825792,0.8159777,0.8078506,0.7514389,0.7880131,0.78834933,0.72440094,0.76157624,0.6766783,0.80265474,0.7179476,0.8353095,0.8262489,0.7045507,0.8082941,0.87737095,0.8256173,0.82511693,0.8502642,0.81704277,0.5624156,0.7982988,0.80742735,0.8449246,0.84951055,0.8285913,0.81632,0.85743266,0.7736234,0.015505647,0.85501236,0.79145414,0.9150178,1.0,0.8441113,0.91056937,0.86773825,0.8800366,0.8690529,0.7828504,0.87541085,0.7699639,0.8573535
T08 - reno,0.81889147,0.85291076,0.8240122,0.7886877,0.8291574,0.7992078,0.7810992,0.77725244,0.76309633,0.8370446,0.8181675,0.8348655,0.7918675,0.75930196,0.75712705,0.7968216,0.7198179,0.79944617,0.7194691,0.6930901,0.6806047,0.7519673,0.7339087,0.73426074,0.7493985,0.75019455,0.74708533,0.6866944,0.6928239,0.7002162,0.71143395,0.7938096,0.759586,0.78603697,0.76980263,0.7842961,0.76834947,0.70461166,0.75650996,0.69068664,0.66742903,0.7890588,0.7977717,0.78878385,0.75843287,0.7951113,0.7910301,0.82928705,0.8503134,0.22282052,0.8347809,0.8250269,0.8720159,0.8441113,1.0000001,0.83960396,0.84744614,0.8613618,0.82038057,0.7497213,0.87240213,0.8528264,0.8977221
T09 - omk,0.8901129,0.890686,0.85236955,0.87449294,0.8554938,0.895749,0.8496013,0.89163667,0.80605745,0.8815488,0.80858624,0.86557776,0.817819,0.8873146,0.86424583,0.8428108,0.76392317,0.80560184,0.7596385,0.7779553,0.7114566,0.84122247,0.82294476,0.7977121,0.82421,0.8307649,0.7637502,0.77677655,0.72134954,0.7923727,0.74492425,0.8162097,0.8076933,0.7020948,0.8074604,0.8672853,0.8316798,0.8246759,0.8700495,0.8260239,0.5577516,0.7742724,0.7875306,0.8371897,0.8248166,0.8115612,0.8163069,0.8593164,0.80771756,0.113848835,0.85517186,0.80109775,0.8508636,0.91056937,0.83960396,1.0,0.8588432,0.8877873,0.86423904,0.7927206,0.8349935,0.7918804,0.85373604
T10 - Syifaiz,0.8740211,0.87963766,0.8581534,0.87155515,0.87768644,0.8487532,0.89384377,0.87435824,0.8572207,0.9160615,0.82470423,0.90736234,0.836426,0.8701964,0.8478316,0.8548887,0.7386662,0.7856178,0.7800582,0.73520553,0.7521948,0.81342185,0.7672223,0.7143261,0.8026353,0.75198275,0.75383896,0.74359417,0.7549385,0.7424514,0.73571193,0.8115783,0.79102576,0.77385217,0.8064356,0.8439187,0.7927198,0.74327296,0.7930643,0.7191991,0.641768,0.80679834,0.8064597,0.81594443,0.7870873,0.7903258,0.81499195,0.9203331,0.8359846,0.2508875,0.92718583,0.87671804,0.87873614,0.86773825,0.84744614,0.8588432,1.0,0.94926006,0.8723988,0.85042185,0.9231743,0.8634062,0.8762209
T11 - fais,0.8745915,0.8489437,0.86614937,0.86041653,0.8833013,0.865953,0.879869,0.8618183,0.87554145,0.894578,0.80517113,0.8783756,0.8083787,0.8718794,0.8489868,0.838734,0.76596624,0.81822467,0.7917922,0.78753966,0.7764348,0.8174796,0.79231495,0.76280653,0.8355326,0.8008713,0.78550375,0.76973766,0.7815074,0.77001643,0.7545431,0.8081449,0.76327884,0.7612033,0.8154552,0.86151737,0.78648794,0.7412928,0.8119666,0.7291755,0.63460296,0.76951617,0.7923864,0.80605793,0.7877607,0.77393746,0.78655916,0.9368626,0.85236496,0.2567397,0.9425588,0.88534313,0.885776,0.8800366,0.8613618,0.8877873,0.94926006,0.99999994,0.89143276,0.8588393,0.89548177,0.87472695,0.89537936
T12 - Ernest,0.858905,0.83231825,0.85861295,0.87010294,0.8741015,0.84150714,0.8671177,0.8847919,0.892156,0.876876,0.79507494,0.8659622,0.8097524,0.9084573,0.8782433,0.83293,0.82010007,0.84460926,0.8360943,0.8218809,0.82084405,0.8698149,0.85139257,0.81795657,0.84274006,0.80497414,0.8346932,0.85303175,0.82224387,0.8303788,0.8070317,0.815148,0.79091024,0.7775773,0.8636077,0.9026409,0.8118465,0.80398905,0.83110607,0.79601383,0.55247384,0.79293007,0.8071972,0.82905966,0.8190703,0.7890286,0.8113425,0.88235474,0.7624006,0.21260877,0.89150625,0.83081156,0.833357,0.8690529,0.82038057,0.86423904,0.8723988,0.89143276,0.9999999,0.89031607,0.8067644,0.8264101,0.82489556
T13 - Ilham,0.8162049,0.77922654,0.8020386,0.7857657,0.82622904,0.80876535,0.84410363,0.81023484,0.8839644,0.81745327,0.73090315,0.8286066,0.7329523,0.84564984,0.8043914,0.765922,0.78713125,0.7679761,0.84216255,0.7651554,0.864292,0.80919194,0.80805093,0.7732661,0.8376954,0.75280344,0.8319061,0.8350058,0.8581027,0.76124126,0.81009686,0.7132528,0.6901143,0.7645038,0.8171988,0.84275323,0.7358259,0.7248203,0.7514112,0.7094366,0.548574,0.71256423,0.7574402,0.74051744,0.6984908,0.7127186,0.7290745,0.8715101,0.7625064,0.38099456,0.8549914,0.8391737,0.7545653,0.7828504,0.7497213,0.7927206,0.85042185,0.8588393,0.89031607,1.0000005,0.74483883,0.829969,0.7600464
T14 - teman teguh,0.83392274,0.873313,0.8486918,0.82968223,0.8587724,0.80896616,0.82455736,0.81154823,0.77178997,0.87367976,0.8387721,0.8498242,0.8297252,0.7787188,0.7900149,0.8391483,0.65655315,0.71554244,0.6730805,0.64520186,0.6304769,0.7148474,0.6887358,0.62019503,0.70581126,0.67741674,0.66998667,0.62697124,0.64189917,0.6566914,0.6398413,0.8107346,0.766826,0.73943615,0.7808098,0.78497964,0.7632523,0.7110287,0.76192427,0.6647792,0.69077504,0.8060103,0.7860035,0.8040495,0.77188283,0.7950602,0.81386614,0.8730074,0.85427535,0.17843333,0.89655477,0.8372746,0.904987,0.87541085,0.87240213,0.8349935,0.9231743,0.89548177,0.8067644,0.74483883,1.0000002,0.84053475,0.9009449
T15 - Agung,0.80592436,0.82931465,0.83803827,0.77961236,0.8215669,0.812964,0.8217103,0.757802,0.8366024,0.83820015,0.8321842,0.8435319,0.7389046,0.76062864,0.7141124,0.7872058,0.71026784,0.76200694,0.82559925,0.66021234,0.77290297,0.7549481,0.7425643,0.6808299,0.80615646,0.7203593,0.77969885,0.7156791,0.82122916,0.662501,0.7373461,0.7596221,0.6729791,0.8279025,0.78783125,0.77623975,0.71679616,0.6202397,0.680318,0.5914882,0.7239566,0.76850444,0.7682028,0.7518754,0.67724603,0.73023957,0.74626553,0.8711581,0.8240326,0.46673054,0.860298,0.87058103,0.8019105,0.7699639,0.8528264,0.7918804,0.8634062,0.87472695,0.8264101,0.829969,0.84053475,1.0000001,0.8516118
T16 - Atus omk,0.82397234,0.8650216,0.84878707,0.805576,0.8391166,0.82205325,0.80411315,0.7927619,0.77498513,0.8641837,0.8173992,0.8396988,0.8125321,0.76608634,0.77216953,0.8074935,0.71569043,0.7583304,0.7425308,0.6781616,0.6698334,0.76553506,0.74484354,0.672136,0.76011467,0.7274226,0.7418562,0.67362225,0.7067967,0.6850219,0.7180368,0.8042301,0.7640887,0.752761,0.7903336,0.77659416,0.7531044,0.70902663,0.7562441,0.68732566,0.6841552,0.7854829,0.80604404,0.80612445,0.7601617,0.78198475,0.79107696,0.88006485,0.8839237,0.21574578,0.8876461,0.85384715,0.8952453,0.8573535,0.8977221,0.85373604,0.8762209,0.89537936,0.82489556,0.7600464,0.9009449,0.8516118,1.0000005
